<?xml version="1.0" encoding="UTF-8" ?>
<!DOCTYPE mapper PUBLIC "-//mybatis.org//DTD Mapper 3.0//EN" "http://mybatis.org/dtd/mybatis-3-mapper.dtd" >
<mapper namespace="com.ooteco.dao.mapper.FinanceVOMapper" >
  <resultMap id="BaseResultMap" type="com.ooteco.entity.finance.model.FinanceVO" >
    <id column="finance_code" property="financeCode" jdbcType="VARCHAR" />
    <result column="create_date" property="createDate" jdbcType="TIMESTAMP" />
    <result column="modify_date" property="modifyDate" jdbcType="TIMESTAMP" />
    <result column="user_code" property="userCode" jdbcType="VARCHAR" />
    <result column="name" property="name" jdbcType="VARCHAR" />
    <result column="mobile" property="mobile" jdbcType="VARCHAR" />
    <result column="id_number" property="idNumber" jdbcType="VARCHAR" />
    <result column="finance_money" property="financeMoney" jdbcType="DECIMAL" />
    <result column="finance_products" property="financeProducts" jdbcType="VARCHAR" />
    <result column="finance_products_id" property="financeProductsId" jdbcType="INTEGER" />
    <result column="investment_horizon" property="investmentHorizon" jdbcType="INTEGER" />
    <result column="month_period" property="monthPeriod" jdbcType="INTEGER" />
    <result column="finance_date" property="financeDate" jdbcType="DATE" />
    <result column="redemption_date" property="redemptionDate" jdbcType="DATE" />
    <result column="real_redemption_date" property="realRedemptionDate" jdbcType="DATE" />
    <result column="real_rate" property="realRate" jdbcType="DECIMAL" />
    <result column="type" property="type" jdbcType="INTEGER" />
  </resultMap>
  <sql id="Example_Where_Clause" >
    <where >
      <foreach collection="oredCriteria" item="criteria" separator="or" >
        <if test="criteria.valid" >
          <trim prefix="(" suffix=")" prefixOverrides="and" >
            <foreach collection="criteria.criteria" item="criterion" >
              <choose >
                <when test="criterion.noValue" >
                  and ${criterion.condition}
                </when>
                <when test="criterion.singleValue" >
                  and ${criterion.condition} #{criterion.value}
                </when>
                <when test="criterion.betweenValue" >
                  and ${criterion.condition} #{criterion.value} and #{criterion.secondValue}
                </when>
                <when test="criterion.listValue" >
                  and ${criterion.condition}
                  <foreach collection="criterion.value" item="listItem" open="(" close=")" separator="," >
                    #{listItem}
                  </foreach>
                </when>
              </choose>
            </foreach>
          </trim>
        </if>
      </foreach>
    </where>
  </sql>
  <sql id="Update_By_Example_Where_Clause" >
    <where >
      <foreach collection="example.oredCriteria" item="criteria" separator="or" >
        <if test="criteria.valid" >
          <trim prefix="(" suffix=")" prefixOverrides="and" >
            <foreach collection="criteria.criteria" item="criterion" >
              <choose >
                <when test="criterion.noValue" >
                  and ${criterion.condition}
                </when>
                <when test="criterion.singleValue" >
                  and ${criterion.condition} #{criterion.value}
                </when>
                <when test="criterion.betweenValue" >
                  and ${criterion.condition} #{criterion.value} and #{criterion.secondValue}
                </when>
                <when test="criterion.listValue" >
                  and ${criterion.condition}
                  <foreach collection="criterion.value" item="listItem" open="(" close=")" separator="," >
                    #{listItem}
                  </foreach>
                </when>
              </choose>
            </foreach>
          </trim>
        </if>
      </foreach>
    </where>
  </sql>
  <sql id="Base_Column_List" >
    finance_code, create_date, modify_date, user_code, name, mobile, id_number, finance_money, 
    finance_products, finance_products_id, investment_horizon, month_period, finance_date, 
    redemption_date, real_redemption_date, real_rate, type
  </sql>
  <select id="selectByExample" resultMap="BaseResultMap" parameterType="com.ooteco.entity.finance.model.FinanceVOExample" >
    select
    <if test="distinct" >
      distinct
    </if>
    <include refid="Base_Column_List" />
    from ath_finance
    <if test="_parameter != null" >
      <include refid="Example_Where_Clause" />
    </if>
    <if test="orderByClause != null" >
      order by ${orderByClause}
    </if>
  </select>
  <select id="selectByPrimaryKey" resultMap="BaseResultMap" parameterType="java.lang.String" >
    select 
    <include refid="Base_Column_List" />
    from ath_finance
    where finance_code = #{financeCode,jdbcType=VARCHAR}
  </select>
  <delete id="deleteByPrimaryKey" parameterType="java.lang.String" >
    delete from ath_finance
    where finance_code = #{financeCode,jdbcType=VARCHAR}
  </delete>
  <delete id="deleteByExample" parameterType="com.ooteco.entity.finance.model.FinanceVOExample" >
    delete from ath_finance
    <if test="_parameter != null" >
      <include refid="Example_Where_Clause" />
    </if>
  </delete>
  <insert id="insert" parameterType="com.ooteco.entity.finance.model.FinanceVO" >
    insert into ath_finance (finance_code, create_date, modify_date, 
      user_code, name, mobile, 
      id_number, finance_money, finance_products, 
      finance_products_id, investment_horizon, month_period, 
      finance_date, redemption_date, real_redemption_date, 
      real_rate, type)
    values (#{financeCode,jdbcType=VARCHAR}, #{createDate,jdbcType=TIMESTAMP}, #{modifyDate,jdbcType=TIMESTAMP}, 
      #{userCode,jdbcType=VARCHAR}, #{name,jdbcType=VARCHAR}, #{mobile,jdbcType=VARCHAR}, 
      #{idNumber,jdbcType=VARCHAR}, #{financeMoney,jdbcType=DECIMAL}, #{financeProducts,jdbcType=VARCHAR}, 
      #{financeProductsId,jdbcType=INTEGER}, #{investmentHorizon,jdbcType=INTEGER}, #{monthPeriod,jdbcType=INTEGER}, 
      #{financeDate,jdbcType=DATE}, #{redemptionDate,jdbcType=DATE}, #{realRedemptionDate,jdbcType=DATE}, 
      #{realRate,jdbcType=DECIMAL}, #{type,jdbcType=INTEGER})
  </insert>
  <insert id="insertSelective" parameterType="com.ooteco.entity.finance.model.FinanceVO" >
    insert into ath_finance
    <trim prefix="(" suffix=")" suffixOverrides="," >
      <if test="financeCode != null" >
        finance_code,
      </if>
      <if test="createDate != null" >
        create_date,
      </if>
      <if test="modifyDate != null" >
        modify_date,
      </if>
      <if test="userCode != null" >
        user_code,
      </if>
      <if test="name != null" >
        name,
      </if>
      <if test="mobile != null" >
        mobile,
      </if>
      <if test="idNumber != null" >
        id_number,
      </if>
      <if test="financeMoney != null" >
        finance_money,
      </if>
      <if test="financeProducts != null" >
        finance_products,
      </if>
      <if test="financeProductsId != null" >
        finance_products_id,
      </if>
      <if test="investmentHorizon != null" >
        investment_horizon,
      </if>
      <if test="monthPeriod != null" >
        month_period,
      </if>
      <if test="financeDate != null" >
        finance_date,
      </if>
      <if test="redemptionDate != null" >
        redemption_date,
      </if>
      <if test="realRedemptionDate != null" >
        real_redemption_date,
      </if>
      <if test="realRate != null" >
        real_rate,
      </if>
      <if test="type != null" >
        type,
      </if>
    </trim>
    <trim prefix="values (" suffix=")" suffixOverrides="," >
      <if test="financeCode != null" >
        #{financeCode,jdbcType=VARCHAR},
      </if>
      <if test="createDate != null" >
        #{createDate,jdbcType=TIMESTAMP},
      </if>
      <if test="modifyDate != null" >
        #{modifyDate,jdbcType=TIMESTAMP},
      </if>
      <if test="userCode != null" >
        #{userCode,jdbcType=VARCHAR},
      </if>
      <if test="name != null" >
        #{name,jdbcType=VARCHAR},
      </if>
      <if test="mobile != null" >
        #{mobile,jdbcType=VARCHAR},
      </if>
      <if test="idNumber != null" >
        #{idNumber,jdbcType=VARCHAR},
      </if>
      <if test="financeMoney != null" >
        #{financeMoney,jdbcType=DECIMAL},
      </if>
      <if test="financeProducts != null" >
        #{financeProducts,jdbcType=VARCHAR},
      </if>
      <if test="financeProductsId != null" >
        #{financeProductsId,jdbcType=INTEGER},
      </if>
      <if test="investmentHorizon != null" >
        #{investmentHorizon,jdbcType=INTEGER},
      </if>
      <if test="monthPeriod != null" >
        #{monthPeriod,jdbcType=INTEGER},
      </if>
      <if test="financeDate != null" >
        #{financeDate,jdbcType=DATE},
      </if>
      <if test="redemptionDate != null" >
        #{redemptionDate,jdbcType=DATE},
      </if>
      <if test="realRedemptionDate != null" >
        #{realRedemptionDate,jdbcType=DATE},
      </if>
      <if test="realRate != null" >
        #{realRate,jdbcType=DECIMAL},
      </if>
      <if test="type != null" >
        #{type,jdbcType=INTEGER},
      </if>
    </trim>
  </insert>
  <select id="countByExample" parameterType="com.ooteco.entity.finance.model.FinanceVOExample" resultType="java.lang.Integer" >
    select count(*) from ath_finance
    <if test="_parameter != null" >
      <include refid="Example_Where_Clause" />
    </if>
  </select>
  <update id="updateByExampleSelective" parameterType="map" >
    update ath_finance
    <set >
      <if test="record.financeCode != null" >
        finance_code = #{record.financeCode,jdbcType=VARCHAR},
      </if>
      <if test="record.createDate != null" >
        create_date = #{record.createDate,jdbcType=TIMESTAMP},
      </if>
      <if test="record.modifyDate != null" >
        modify_date = #{record.modifyDate,jdbcType=TIMESTAMP},
      </if>
      <if test="record.userCode != null" >
        user_code = #{record.userCode,jdbcType=VARCHAR},
      </if>
      <if test="record.name != null" >
        name = #{record.name,jdbcType=VARCHAR},
      </if>
      <if test="record.mobile != null" >
        mobile = #{record.mobile,jdbcType=VARCHAR},
      </if>
      <if test="record.idNumber != null" >
        id_number = #{record.idNumber,jdbcType=VARCHAR},
      </if>
      <if test="record.financeMoney != null" >
        finance_money = #{record.financeMoney,jdbcType=DECIMAL},
      </if>
      <if test="record.financeProducts != null" >
        finance_products = #{record.financeProducts,jdbcType=VARCHAR},
      </if>
      <if test="record.financeProductsId != null" >
        finance_products_id = #{record.financeProductsId,jdbcType=INTEGER},
      </if>
      <if test="record.investmentHorizon != null" >
        investment_horizon = #{record.investmentHorizon,jdbcType=INTEGER},
      </if>
      <if test="record.monthPeriod != null" >
        month_period = #{record.monthPeriod,jdbcType=INTEGER},
      </if>
      <if test="record.financeDate != null" >
        finance_date = #{record.financeDate,jdbcType=DATE},
      </if>
      <if test="record.redemptionDate != null" >
        redemption_date = #{record.redemptionDate,jdbcType=DATE},
      </if>
      <if test="record.realRedemptionDate != null" >
        real_redemption_date = #{record.realRedemptionDate,jdbcType=DATE},
      </if>
      <if test="record.realRate != null" >
        real_rate = #{record.realRate,jdbcType=DECIMAL},
      </if>
      <if test="record.type != null" >
        type = #{record.type,jdbcType=INTEGER},
      </if>
    </set>
    <if test="_parameter != null" >
      <include refid="Update_By_Example_Where_Clause" />
    </if>
  </update>
  <update id="updateByExample" parameterType="map" >
    update ath_finance
    set finance_code = #{record.financeCode,jdbcType=VARCHAR},
      create_date = #{record.createDate,jdbcType=TIMESTAMP},
      modify_date = #{record.modifyDate,jdbcType=TIMESTAMP},
      user_code = #{record.userCode,jdbcType=VARCHAR},
      name = #{record.name,jdbcType=VARCHAR},
      mobile = #{record.mobile,jdbcType=VARCHAR},
      id_number = #{record.idNumber,jdbcType=VARCHAR},
      finance_money = #{record.financeMoney,jdbcType=DECIMAL},
      finance_products = #{record.financeProducts,jdbcType=VARCHAR},
      finance_products_id = #{record.financeProductsId,jdbcType=INTEGER},
      investment_horizon = #{record.investmentHorizon,jdbcType=INTEGER},
      month_period = #{record.monthPeriod,jdbcType=INTEGER},
      finance_date = #{record.financeDate,jdbcType=DATE},
      redemption_date = #{record.redemptionDate,jdbcType=DATE},
      real_redemption_date = #{record.realRedemptionDate,jdbcType=DATE},
      real_rate = #{record.realRate,jdbcType=DECIMAL},
      type = #{record.type,jdbcType=INTEGER}
    <if test="_parameter != null" >
      <include refid="Update_By_Example_Where_Clause" />
    </if>
  </update>
  <update id="updateByPrimaryKeySelective" parameterType="com.ooteco.entity.finance.model.FinanceVO" >
    update ath_finance
    <set >
      <if test="createDate != null" >
        create_date = #{createDate,jdbcType=TIMESTAMP},
      </if>
      <if test="modifyDate != null" >
        modify_date = #{modifyDate,jdbcType=TIMESTAMP},
      </if>
      <if test="userCode != null" >
        user_code = #{userCode,jdbcType=VARCHAR},
      </if>
      <if test="name != null" >
        name = #{name,jdbcType=VARCHAR},
      </if>
      <if test="mobile != null" >
        mobile = #{mobile,jdbcType=VARCHAR},
      </if>
      <if test="idNumber != null" >
        id_number = #{idNumber,jdbcType=VARCHAR},
      </if>
      <if test="financeMoney != null" >
        finance_money = #{financeMoney,jdbcType=DECIMAL},
      </if>
      <if test="financeProducts != null" >
        finance_products = #{financeProducts,jdbcType=VARCHAR},
      </if>
      <if test="financeProductsId != null" >
        finance_products_id = #{financeProductsId,jdbcType=INTEGER},
      </if>
      <if test="investmentHorizon != null" >
        investment_horizon = #{investmentHorizon,jdbcType=INTEGER},
      </if>
      <if test="monthPeriod != null" >
        month_period = #{monthPeriod,jdbcType=INTEGER},
      </if>
      <if test="financeDate != null" >
        finance_date = #{financeDate,jdbcType=DATE},
      </if>
      <if test="redemptionDate != null" >
        redemption_date = #{redemptionDate,jdbcType=DATE},
      </if>
      <if test="realRedemptionDate != null" >
        real_redemption_date = #{realRedemptionDate,jdbcType=DATE},
      </if>
      <if test="realRate != null" >
        real_rate = #{realRate,jdbcType=DECIMAL},
      </if>
      <if test="type != null" >
        type = #{type,jdbcType=INTEGER},
      </if>
    </set>
    where finance_code = #{financeCode,jdbcType=VARCHAR}
  </update>
  <update id="updateByPrimaryKey" parameterType="com.ooteco.entity.finance.model.FinanceVO" >
    update ath_finance
    set create_date = #{createDate,jdbcType=TIMESTAMP},
      modify_date = #{modifyDate,jdbcType=TIMESTAMP},
      user_code = #{userCode,jdbcType=VARCHAR},
      name = #{name,jdbcType=VARCHAR},
      mobile = #{mobile,jdbcType=VARCHAR},
      id_number = #{idNumber,jdbcType=VARCHAR},
      finance_money = #{financeMoney,jdbcType=DECIMAL},
      finance_products = #{financeProducts,jdbcType=VARCHAR},
      finance_products_id = #{financeProductsId,jdbcType=INTEGER},
      investment_horizon = #{investmentHorizon,jdbcType=INTEGER},
      month_period = #{monthPeriod,jdbcType=INTEGER},
      finance_date = #{financeDate,jdbcType=DATE},
      redemption_date = #{redemptionDate,jdbcType=DATE},
      real_redemption_date = #{realRedemptionDate,jdbcType=DATE},
      real_rate = #{realRate,jdbcType=DECIMAL},
      type = #{type,jdbcType=INTEGER}
    where finance_code = #{financeCode,jdbcType=VARCHAR}
  </update>
</mapper>