<?xml version="1.0" encoding="UTF-8" ?>
<!DOCTYPE mapper PUBLIC "-//mybatis.org//DTD Mapper 3.0//EN" "http://mybatis.org/dtd/mybatis-3-mapper.dtd" >
<mapper namespace="com.ooteco.dao.mapper.FinanceSplitVOMapper" >
  <resultMap id="BaseResultMap" type="com.ooteco.entity.finance.model.FinanceSplitVO" >
    <id column="id" property="id" jdbcType="BIGINT" />
    <result column="create_date" property="createDate" jdbcType="TIMESTAMP" />
    <result column="modify_date" property="modifyDate" jdbcType="TIMESTAMP" />
    <result column="finance_code" property="financeCode" jdbcType="VARCHAR" />
    <result column="finance_products_id" property="financeProductsId" jdbcType="INTEGER" />
    <result column="user_code" property="userCode" jdbcType="VARCHAR" />
    <result column="start_date" property="startDate" jdbcType="DATE" />
    <result column="expire_date" property="expireDate" jdbcType="DATE" />
    <result column="period" property="period" jdbcType="INTEGER" />
    <result column="month_period" property="monthPeriod" jdbcType="INTEGER" />
    <result column="amount" property="amount" jdbcType="DECIMAL" />
    <result column="rate" property="rate" jdbcType="DECIMAL" />
    <result column="prepay_loan_code" property="prepayLoanCode" jdbcType="VARCHAR" />
    <result column="status" property="status" jdbcType="INTEGER" />
    <result column="process" property="process" jdbcType="INTEGER" />
    <result column="is_valid" property="isValid" jdbcType="BIT" />
    <result column="type" property="type" jdbcType="INTEGER" />
  </resultMap>
  <sql id="Example_Where_Clause" >
    <where >
      <foreach collection="oredCriteria" item="criteria" separator="or" >
        <if test="criteria.valid" >
          <trim prefix="(" suffix=")" prefixOverrides="and" >
            <foreach collection="criteria.criteria" item="criterion" >
              <choose >
                <when test="criterion.noValue" >
                  and ${criterion.condition}
                </when>
                <when test="criterion.singleValue" >
                  and ${criterion.condition} #{criterion.value}
                </when>
                <when test="criterion.betweenValue" >
                  and ${criterion.condition} #{criterion.value} and #{criterion.secondValue}
                </when>
                <when test="criterion.listValue" >
                  and ${criterion.condition}
                  <foreach collection="criterion.value" item="listItem" open="(" close=")" separator="," >
                    #{listItem}
                  </foreach>
                </when>
              </choose>
            </foreach>
          </trim>
        </if>
      </foreach>
    </where>
  </sql>
  <sql id="Update_By_Example_Where_Clause" >
    <where >
      <foreach collection="example.oredCriteria" item="criteria" separator="or" >
        <if test="criteria.valid" >
          <trim prefix="(" suffix=")" prefixOverrides="and" >
            <foreach collection="criteria.criteria" item="criterion" >
              <choose >
                <when test="criterion.noValue" >
                  and ${criterion.condition}
                </when>
                <when test="criterion.singleValue" >
                  and ${criterion.condition} #{criterion.value}
                </when>
                <when test="criterion.betweenValue" >
                  and ${criterion.condition} #{criterion.value} and #{criterion.secondValue}
                </when>
                <when test="criterion.listValue" >
                  and ${criterion.condition}
                  <foreach collection="criterion.value" item="listItem" open="(" close=")" separator="," >
                    #{listItem}
                  </foreach>
                </when>
              </choose>
            </foreach>
          </trim>
        </if>
      </foreach>
    </where>
  </sql>
  <sql id="Base_Column_List" >
    id, create_date, modify_date, finance_code, finance_products_id, user_code, start_date, 
    expire_date, period, month_period, amount, rate, prepay_loan_code, status, process, 
    is_valid, type
  </sql>
  <select id="selectByExample" resultMap="BaseResultMap" parameterType="com.ooteco.entity.finance.model.FinanceSplitVOExample" >
    select
    <if test="distinct" >
      distinct
    </if>
    <include refid="Base_Column_List" />
    from ath_finance_split
    <if test="_parameter != null" >
      <include refid="Example_Where_Clause" />
    </if>
    <if test="orderByClause != null" >
      order by ${orderByClause}
    </if>
  </select>
  <select id="selectByPrimaryKey" resultMap="BaseResultMap" parameterType="java.lang.Long" >
    select 
    <include refid="Base_Column_List" />
    from ath_finance_split
    where id = #{id,jdbcType=BIGINT}
  </select>
  <delete id="deleteByPrimaryKey" parameterType="java.lang.Long" >
    delete from ath_finance_split
    where id = #{id,jdbcType=BIGINT}
  </delete>
  <delete id="deleteByExample" parameterType="com.ooteco.entity.finance.model.FinanceSplitVOExample" >
    delete from ath_finance_split
    <if test="_parameter != null" >
      <include refid="Example_Where_Clause" />
    </if>
  </delete>
  <insert id="insert" parameterType="com.ooteco.entity.finance.model.FinanceSplitVO" >
    insert into ath_finance_split (id, create_date, modify_date, 
      finance_code, finance_products_id, user_code, 
      start_date, expire_date, period, 
      month_period, amount, rate, 
      prepay_loan_code, status, process, 
      is_valid, type)
    values (#{id,jdbcType=BIGINT}, #{createDate,jdbcType=TIMESTAMP}, #{modifyDate,jdbcType=TIMESTAMP}, 
      #{financeCode,jdbcType=VARCHAR}, #{financeProductsId,jdbcType=INTEGER}, #{userCode,jdbcType=VARCHAR}, 
      #{startDate,jdbcType=DATE}, #{expireDate,jdbcType=DATE}, #{period,jdbcType=INTEGER}, 
      #{monthPeriod,jdbcType=INTEGER}, #{amount,jdbcType=DECIMAL}, #{rate,jdbcType=DECIMAL}, 
      #{prepayLoanCode,jdbcType=VARCHAR}, #{status,jdbcType=INTEGER}, #{process,jdbcType=INTEGER}, 
      #{isValid,jdbcType=BIT}, #{type,jdbcType=INTEGER})
  </insert>
  <insert id="insertSelective" parameterType="com.ooteco.entity.finance.model.FinanceSplitVO" useGeneratedKeys="true" keyProperty="id">
    insert into ath_finance_split
    <trim prefix="(" suffix=")" suffixOverrides="," >
      <if test="id != null" >
        id,
      </if>
      <if test="createDate != null" >
        create_date,
      </if>
      <if test="modifyDate != null" >
        modify_date,
      </if>
      <if test="financeCode != null" >
        finance_code,
      </if>
      <if test="financeProductsId != null" >
        finance_products_id,
      </if>
      <if test="userCode != null" >
        user_code,
      </if>
      <if test="startDate != null" >
        start_date,
      </if>
      <if test="expireDate != null" >
        expire_date,
      </if>
      <if test="period != null" >
        period,
      </if>
      <if test="monthPeriod != null" >
        month_period,
      </if>
      <if test="amount != null" >
        amount,
      </if>
      <if test="rate != null" >
        rate,
      </if>
      <if test="prepayLoanCode != null" >
        prepay_loan_code,
      </if>
      <if test="status != null" >
        status,
      </if>
      <if test="process != null" >
        process,
      </if>
      <if test="isValid != null" >
        is_valid,
      </if>
      <if test="type != null" >
        type,
      </if>
    </trim>
    <trim prefix="values (" suffix=")" suffixOverrides="," >
      <if test="id != null" >
        #{id,jdbcType=BIGINT},
      </if>
      <if test="createDate != null" >
        #{createDate,jdbcType=TIMESTAMP},
      </if>
      <if test="modifyDate != null" >
        #{modifyDate,jdbcType=TIMESTAMP},
      </if>
      <if test="financeCode != null" >
        #{financeCode,jdbcType=VARCHAR},
      </if>
      <if test="financeProductsId != null" >
        #{financeProductsId,jdbcType=INTEGER},
      </if>
      <if test="userCode != null" >
        #{userCode,jdbcType=VARCHAR},
      </if>
      <if test="startDate != null" >
        #{startDate,jdbcType=DATE},
      </if>
      <if test="expireDate != null" >
        #{expireDate,jdbcType=DATE},
      </if>
      <if test="period != null" >
        #{period,jdbcType=INTEGER},
      </if>
      <if test="monthPeriod != null" >
        #{monthPeriod,jdbcType=INTEGER},
      </if>
      <if test="amount != null" >
        #{amount,jdbcType=DECIMAL},
      </if>
      <if test="rate != null" >
        #{rate,jdbcType=DECIMAL},
      </if>
      <if test="prepayLoanCode != null" >
        #{prepayLoanCode,jdbcType=VARCHAR},
      </if>
      <if test="status != null" >
        #{status,jdbcType=INTEGER},
      </if>
      <if test="process != null" >
        #{process,jdbcType=INTEGER},
      </if>
      <if test="isValid != null" >
        #{isValid,jdbcType=BIT},
      </if>
      <if test="type != null" >
        #{type,jdbcType=INTEGER},
      </if>
    </trim>
  </insert>
  <select id="countByExample" parameterType="com.ooteco.entity.finance.model.FinanceSplitVOExample" resultType="java.lang.Integer" >
    select count(*) from ath_finance_split
    <if test="_parameter != null" >
      <include refid="Example_Where_Clause" />
    </if>
  </select>
  <update id="updateByExampleSelective" parameterType="map" >
    update ath_finance_split
    <set >
      <if test="record.id != null" >
        id = #{record.id,jdbcType=BIGINT},
      </if>
      <if test="record.createDate != null" >
        create_date = #{record.createDate,jdbcType=TIMESTAMP},
      </if>
      <if test="record.modifyDate != null" >
        modify_date = #{record.modifyDate,jdbcType=TIMESTAMP},
      </if>
      <if test="record.financeCode != null" >
        finance_code = #{record.financeCode,jdbcType=VARCHAR},
      </if>
      <if test="record.financeProductsId != null" >
        finance_products_id = #{record.financeProductsId,jdbcType=INTEGER},
      </if>
      <if test="record.userCode != null" >
        user_code = #{record.userCode,jdbcType=VARCHAR},
      </if>
      <if test="record.startDate != null" >
        start_date = #{record.startDate,jdbcType=DATE},
      </if>
      <if test="record.expireDate != null" >
        expire_date = #{record.expireDate,jdbcType=DATE},
      </if>
      <if test="record.period != null" >
        period = #{record.period,jdbcType=INTEGER},
      </if>
      <if test="record.monthPeriod != null" >
        month_period = #{record.monthPeriod,jdbcType=INTEGER},
      </if>
      <if test="record.amount != null" >
        amount = #{record.amount,jdbcType=DECIMAL},
      </if>
      <if test="record.rate != null" >
        rate = #{record.rate,jdbcType=DECIMAL},
      </if>
      <if test="record.prepayLoanCode != null" >
        prepay_loan_code = #{record.prepayLoanCode,jdbcType=VARCHAR},
      </if>
      <if test="record.status != null" >
        status = #{record.status,jdbcType=INTEGER},
      </if>
      <if test="record.process != null" >
        process = #{record.process,jdbcType=INTEGER},
      </if>
      <if test="record.isValid != null" >
        is_valid = #{record.isValid,jdbcType=BIT},
      </if>
      <if test="record.type != null" >
        type = #{record.type,jdbcType=INTEGER},
      </if>
    </set>
    <if test="_parameter != null" >
      <include refid="Update_By_Example_Where_Clause" />
    </if>
  </update>
  <update id="updateByExample" parameterType="map" >
    update ath_finance_split
    set id = #{record.id,jdbcType=BIGINT},
      create_date = #{record.createDate,jdbcType=TIMESTAMP},
      modify_date = #{record.modifyDate,jdbcType=TIMESTAMP},
      finance_code = #{record.financeCode,jdbcType=VARCHAR},
      finance_products_id = #{record.financeProductsId,jdbcType=INTEGER},
      user_code = #{record.userCode,jdbcType=VARCHAR},
      start_date = #{record.startDate,jdbcType=DATE},
      expire_date = #{record.expireDate,jdbcType=DATE},
      period = #{record.period,jdbcType=INTEGER},
      month_period = #{record.monthPeriod,jdbcType=INTEGER},
      amount = #{record.amount,jdbcType=DECIMAL},
      rate = #{record.rate,jdbcType=DECIMAL},
      prepay_loan_code = #{record.prepayLoanCode,jdbcType=VARCHAR},
      status = #{record.status,jdbcType=INTEGER},
      process = #{record.process,jdbcType=INTEGER},
      is_valid = #{record.isValid,jdbcType=BIT},
      type = #{record.type,jdbcType=INTEGER}
    <if test="_parameter != null" >
      <include refid="Update_By_Example_Where_Clause" />
    </if>
  </update>
  <update id="updateByPrimaryKeySelective" parameterType="com.ooteco.entity.finance.model.FinanceSplitVO" >
    update ath_finance_split
    <set >
      <if test="createDate != null" >
        create_date = #{createDate,jdbcType=TIMESTAMP},
      </if>
      <if test="modifyDate != null" >
        modify_date = #{modifyDate,jdbcType=TIMESTAMP},
      </if>
      <if test="financeCode != null" >
        finance_code = #{financeCode,jdbcType=VARCHAR},
      </if>
      <if test="financeProductsId != null" >
        finance_products_id = #{financeProductsId,jdbcType=INTEGER},
      </if>
      <if test="userCode != null" >
        user_code = #{userCode,jdbcType=VARCHAR},
      </if>
      <if test="startDate != null" >
        start_date = #{startDate,jdbcType=DATE},
      </if>
      <if test="expireDate != null" >
        expire_date = #{expireDate,jdbcType=DATE},
      </if>
      <if test="period != null" >
        period = #{period,jdbcType=INTEGER},
      </if>
      <if test="monthPeriod != null" >
        month_period = #{monthPeriod,jdbcType=INTEGER},
      </if>
      <if test="amount != null" >
        amount = #{amount,jdbcType=DECIMAL},
      </if>
      <if test="rate != null" >
        rate = #{rate,jdbcType=DECIMAL},
      </if>
      <if test="prepayLoanCode != null" >
        prepay_loan_code = #{prepayLoanCode,jdbcType=VARCHAR},
      </if>
      <if test="status != null" >
        status = #{status,jdbcType=INTEGER},
      </if>
      <if test="process != null" >
        process = #{process,jdbcType=INTEGER},
      </if>
      <if test="isValid != null" >
        is_valid = #{isValid,jdbcType=BIT},
      </if>
      <if test="type != null" >
        type = #{type,jdbcType=INTEGER},
      </if>
    </set>
    where id = #{id,jdbcType=BIGINT}
  </update>
  <update id="updateByPrimaryKey" parameterType="com.ooteco.entity.finance.model.FinanceSplitVO" >
    update ath_finance_split
    set create_date = #{createDate,jdbcType=TIMESTAMP},
      modify_date = #{modifyDate,jdbcType=TIMESTAMP},
      finance_code = #{financeCode,jdbcType=VARCHAR},
      finance_products_id = #{financeProductsId,jdbcType=INTEGER},
      user_code = #{userCode,jdbcType=VARCHAR},
      start_date = #{startDate,jdbcType=DATE},
      expire_date = #{expireDate,jdbcType=DATE},
      period = #{period,jdbcType=INTEGER},
      month_period = #{monthPeriod,jdbcType=INTEGER},
      amount = #{amount,jdbcType=DECIMAL},
      rate = #{rate,jdbcType=DECIMAL},
      prepay_loan_code = #{prepayLoanCode,jdbcType=VARCHAR},
      status = #{status,jdbcType=INTEGER},
      process = #{process,jdbcType=INTEGER},
      is_valid = #{isValid,jdbcType=BIT},
      type = #{type,jdbcType=INTEGER}
    where id = #{id,jdbcType=BIGINT}
  </update>
</mapper>