<?xml version="1.0" encoding="UTF-8" ?>
<!DOCTYPE mapper PUBLIC "-//mybatis.org//DTD Mapper 3.0//EN" "http://mybatis.org/dtd/mybatis-3-mapper.dtd" >
<mapper namespace="com.ooteco.dao.mapper.FinancialSaleVOMapper" >
  <resultMap id="BaseResultMap" type="com.ooteco.entity.financialSale.model.FinancialSaleVO" >
    <id column="id" property="id" jdbcType="BIGINT" />
    <result column="create_time" property="createTime" jdbcType="TIMESTAMP" />
    <result column="modify_time" property="modifyTime" jdbcType="TIMESTAMP" />
    <result column="trade_date" property="tradeDate" jdbcType="DATE" />
    <result column="raise_amount" property="raiseAmount" jdbcType="DECIMAL" />
    <result column="expire_amount" property="expireAmount" jdbcType="DECIMAL" />
    <result column="remain_amount" property="remainAmount" jdbcType="DECIMAL" />
  </resultMap>
  <sql id="Example_Where_Clause" >
    <where >
      <foreach collection="oredCriteria" item="criteria" separator="or" >
        <if test="criteria.valid" >
          <trim prefix="(" suffix=")" prefixOverrides="and" >
            <foreach collection="criteria.criteria" item="criterion" >
              <choose >
                <when test="criterion.noValue" >
                  and ${criterion.condition}
                </when>
                <when test="criterion.singleValue" >
                  and ${criterion.condition} #{criterion.value}
                </when>
                <when test="criterion.betweenValue" >
                  and ${criterion.condition} #{criterion.value} and #{criterion.secondValue}
                </when>
                <when test="criterion.listValue" >
                  and ${criterion.condition}
                  <foreach collection="criterion.value" item="listItem" open="(" close=")" separator="," >
                    #{listItem}
                  </foreach>
                </when>
              </choose>
            </foreach>
          </trim>
        </if>
      </foreach>
    </where>
  </sql>
  <sql id="Update_By_Example_Where_Clause" >
    <where >
      <foreach collection="example.oredCriteria" item="criteria" separator="or" >
        <if test="criteria.valid" >
          <trim prefix="(" suffix=")" prefixOverrides="and" >
            <foreach collection="criteria.criteria" item="criterion" >
              <choose >
                <when test="criterion.noValue" >
                  and ${criterion.condition}
                </when>
                <when test="criterion.singleValue" >
                  and ${criterion.condition} #{criterion.value}
                </when>
                <when test="criterion.betweenValue" >
                  and ${criterion.condition} #{criterion.value} and #{criterion.secondValue}
                </when>
                <when test="criterion.listValue" >
                  and ${criterion.condition}
                  <foreach collection="criterion.value" item="listItem" open="(" close=")" separator="," >
                    #{listItem}
                  </foreach>
                </when>
              </choose>
            </foreach>
          </trim>
        </if>
      </foreach>
    </where>
  </sql>
  <sql id="Base_Column_List" >
    id, create_time, modify_time, trade_date, raise_amount, expire_amount, remain_amount
  </sql>
  <select id="selectByExample" resultMap="BaseResultMap" parameterType="com.ooteco.entity.financialSale.model.FinancialSaleVOExample" >
    select
    <if test="distinct" >
      distinct
    </if>
    <include refid="Base_Column_List" />
    from financial_sale
    <if test="_parameter != null" >
      <include refid="Example_Where_Clause" />
    </if>
    <if test="orderByClause != null" >
      order by ${orderByClause}
    </if>
  </select>
  <select id="selectByPrimaryKey" resultMap="BaseResultMap" parameterType="java.lang.Long" >
    select 
    <include refid="Base_Column_List" />
    from financial_sale
    where id = #{id,jdbcType=BIGINT}
  </select>
  <delete id="deleteByPrimaryKey" parameterType="java.lang.Long" >
    delete from financial_sale
    where id = #{id,jdbcType=BIGINT}
  </delete>
  <delete id="deleteByExample" parameterType="com.ooteco.entity.financialSale.model.FinancialSaleVOExample" >
    delete from financial_sale
    <if test="_parameter != null" >
      <include refid="Example_Where_Clause" />
    </if>
  </delete>
  <insert id="insert" parameterType="com.ooteco.entity.financialSale.model.FinancialSaleVO" >
    <selectKey resultType="java.lang.Long" keyProperty="id" order="AFTER" >
      SELECT LAST_INSERT_ID()
    </selectKey>
    insert into financial_sale (create_time, modify_time, trade_date, 
      raise_amount, expire_amount, remain_amount
      )
    values (#{createTime,jdbcType=TIMESTAMP}, #{modifyTime,jdbcType=TIMESTAMP}, #{tradeDate,jdbcType=DATE}, 
      #{raiseAmount,jdbcType=DECIMAL}, #{expireAmount,jdbcType=DECIMAL}, #{remainAmount,jdbcType=DECIMAL}
      )
  </insert>
  <insert id="insertSelective" parameterType="com.ooteco.entity.financialSale.model.FinancialSaleVO" >
    <selectKey resultType="java.lang.Long" keyProperty="id" order="AFTER" >
      SELECT LAST_INSERT_ID()
    </selectKey>
    insert into financial_sale
    <trim prefix="(" suffix=")" suffixOverrides="," >
      <if test="createTime != null" >
        create_time,
      </if>
      <if test="modifyTime != null" >
        modify_time,
      </if>
      <if test="tradeDate != null" >
        trade_date,
      </if>
      <if test="raiseAmount != null" >
        raise_amount,
      </if>
      <if test="expireAmount != null" >
        expire_amount,
      </if>
      <if test="remainAmount != null" >
        remain_amount,
      </if>
    </trim>
    <trim prefix="values (" suffix=")" suffixOverrides="," >
      <if test="createTime != null" >
        #{createTime,jdbcType=TIMESTAMP},
      </if>
      <if test="modifyTime != null" >
        #{modifyTime,jdbcType=TIMESTAMP},
      </if>
      <if test="tradeDate != null" >
        #{tradeDate,jdbcType=DATE},
      </if>
      <if test="raiseAmount != null" >
        #{raiseAmount,jdbcType=DECIMAL},
      </if>
      <if test="expireAmount != null" >
        #{expireAmount,jdbcType=DECIMAL},
      </if>
      <if test="remainAmount != null" >
        #{remainAmount,jdbcType=DECIMAL},
      </if>
    </trim>
  </insert>
  <select id="countByExample" parameterType="com.ooteco.entity.financialSale.model.FinancialSaleVOExample" resultType="java.lang.Integer" >
    select count(*) from financial_sale
    <if test="_parameter != null" >
      <include refid="Example_Where_Clause" />
    </if>
  </select>
  <update id="updateByExampleSelective" parameterType="map" >
    update financial_sale
    <set >
      <if test="record.id != null" >
        id = #{record.id,jdbcType=BIGINT},
      </if>
      <if test="record.createTime != null" >
        create_time = #{record.createTime,jdbcType=TIMESTAMP},
      </if>
      <if test="record.modifyTime != null" >
        modify_time = #{record.modifyTime,jdbcType=TIMESTAMP},
      </if>
      <if test="record.tradeDate != null" >
        trade_date = #{record.tradeDate,jdbcType=DATE},
      </if>
      <if test="record.raiseAmount != null" >
        raise_amount = #{record.raiseAmount,jdbcType=DECIMAL},
      </if>
      <if test="record.expireAmount != null" >
        expire_amount = #{record.expireAmount,jdbcType=DECIMAL},
      </if>
      <if test="record.remainAmount != null" >
        remain_amount = #{record.remainAmount,jdbcType=DECIMAL},
      </if>
    </set>
    <if test="_parameter != null" >
      <include refid="Update_By_Example_Where_Clause" />
    </if>
  </update>
  <update id="updateByExample" parameterType="map" >
    update financial_sale
    set id = #{record.id,jdbcType=BIGINT},
      create_time = #{record.createTime,jdbcType=TIMESTAMP},
      modify_time = #{record.modifyTime,jdbcType=TIMESTAMP},
      trade_date = #{record.tradeDate,jdbcType=DATE},
      raise_amount = #{record.raiseAmount,jdbcType=DECIMAL},
      expire_amount = #{record.expireAmount,jdbcType=DECIMAL},
      remain_amount = #{record.remainAmount,jdbcType=DECIMAL}
    <if test="_parameter != null" >
      <include refid="Update_By_Example_Where_Clause" />
    </if>
  </update>
  <update id="updateByPrimaryKeySelective" parameterType="com.ooteco.entity.financialSale.model.FinancialSaleVO" >
    update financial_sale
    <set >
      <if test="createTime != null" >
        create_time = #{createTime,jdbcType=TIMESTAMP},
      </if>
      <if test="modifyTime != null" >
        modify_time = #{modifyTime,jdbcType=TIMESTAMP},
      </if>
      <if test="tradeDate != null" >
        trade_date = #{tradeDate,jdbcType=DATE},
      </if>
      <if test="raiseAmount != null" >
        raise_amount = #{raiseAmount,jdbcType=DECIMAL},
      </if>
      <if test="expireAmount != null" >
        expire_amount = #{expireAmount,jdbcType=DECIMAL},
      </if>
      <if test="remainAmount != null" >
        remain_amount = #{remainAmount,jdbcType=DECIMAL},
      </if>
    </set>
    where id = #{id,jdbcType=BIGINT}
  </update>
  <update id="updateByPrimaryKey" parameterType="com.ooteco.entity.financialSale.model.FinancialSaleVO" >
    update financial_sale
    set create_time = #{createTime,jdbcType=TIMESTAMP},
      modify_time = #{modifyTime,jdbcType=TIMESTAMP},
      trade_date = #{tradeDate,jdbcType=DATE},
      raise_amount = #{raiseAmount,jdbcType=DECIMAL},
      expire_amount = #{expireAmount,jdbcType=DECIMAL},
      remain_amount = #{remainAmount,jdbcType=DECIMAL}
    where id = #{id,jdbcType=BIGINT}
  </update>
</mapper>