<?xml version="1.0" encoding="UTF-8" ?>
<!DOCTYPE mapper PUBLIC "-//mybatis.org//DTD Mapper 3.0//EN" "http://mybatis.org/dtd/mybatis-3-mapper.dtd" >
<mapper namespace="com.ooteco.dao.mapper.LoanAllocationMapper" >
  <resultMap id="BaseResultMap" type="com.ooteco.entity.loanAllocation.model.LoanAllocation" >
    <id column="id" property="id" jdbcType="INTEGER" />
    <result column="finance_id" property="financeId" jdbcType="INTEGER" />
    <result column="loan_id" property="loanId" jdbcType="INTEGER" />
    <result column="money" property="money" jdbcType="DECIMAL" />
  </resultMap>
  <sql id="Example_Where_Clause" >
    <where >
      <foreach collection="oredCriteria" item="criteria" separator="or" >
        <if test="criteria.valid" >
          <trim prefix="(" suffix=")" prefixOverrides="and" >
            <foreach collection="criteria.criteria" item="criterion" >
              <choose >
                <when test="criterion.noValue" >
                  and ${criterion.condition}
                </when>
                <when test="criterion.singleValue" >
                  and ${criterion.condition} #{criterion.value}
                </when>
                <when test="criterion.betweenValue" >
                  and ${criterion.condition} #{criterion.value} and #{criterion.secondValue}
                </when>
                <when test="criterion.listValue" >
                  and ${criterion.condition}
                  <foreach collection="criterion.value" item="listItem" open="(" close=")" separator="," >
                    #{listItem}
                  </foreach>
                </when>
              </choose>
            </foreach>
          </trim>
        </if>
      </foreach>
    </where>
  </sql>
  <sql id="Update_By_Example_Where_Clause" >
    <where >
      <foreach collection="example.oredCriteria" item="criteria" separator="or" >
        <if test="criteria.valid" >
          <trim prefix="(" suffix=")" prefixOverrides="and" >
            <foreach collection="criteria.criteria" item="criterion" >
              <choose >
                <when test="criterion.noValue" >
                  and ${criterion.condition}
                </when>
                <when test="criterion.singleValue" >
                  and ${criterion.condition} #{criterion.value}
                </when>
                <when test="criterion.betweenValue" >
                  and ${criterion.condition} #{criterion.value} and #{criterion.secondValue}
                </when>
                <when test="criterion.listValue" >
                  and ${criterion.condition}
                  <foreach collection="criterion.value" item="listItem" open="(" close=")" separator="," >
                    #{listItem}
                  </foreach>
                </when>
              </choose>
            </foreach>
          </trim>
        </if>
      </foreach>
    </where>
  </sql>
  <sql id="Base_Column_List" >
    id, finance_id, loan_id, money
  </sql>
  <select id="selectByExample" resultMap="BaseResultMap" parameterType="com.ooteco.entity.loanAllocation.model.LoanAllocationExample" >
    select
    <if test="distinct" >
      distinct
    </if>
    <include refid="Base_Column_List" />
    from loan_allocation
    <if test="_parameter != null" >
      <include refid="Example_Where_Clause" />
    </if>
    <if test="orderByClause != null" >
      order by ${orderByClause}
    </if>
  </select>
  <select id="selectByPrimaryKey" resultMap="BaseResultMap" parameterType="java.lang.Integer" >
    select 
    <include refid="Base_Column_List" />
    from loan_allocation
    where id = #{id,jdbcType=INTEGER}
  </select>
  <delete id="deleteByPrimaryKey" parameterType="java.lang.Integer" >
    delete from loan_allocation
    where id = #{id,jdbcType=INTEGER}
  </delete>
  <delete id="deleteByExample" parameterType="com.ooteco.entity.loanAllocation.model.LoanAllocationExample" >
    delete from loan_allocation
    <if test="_parameter != null" >
      <include refid="Example_Where_Clause" />
    </if>
  </delete>
  <insert id="insert" parameterType="com.ooteco.entity.loanAllocation.model.LoanAllocation" >
    <selectKey resultType="java.lang.Integer" keyProperty="id" order="AFTER" >
      SELECT LAST_INSERT_ID()
    </selectKey>
    insert into loan_allocation (finance_id, loan_id, money
      )
    values (#{financeId,jdbcType=INTEGER}, #{loanId,jdbcType=INTEGER}, #{money,jdbcType=DECIMAL}
      )
  </insert>
  <insert id="insertSelective" parameterType="com.ooteco.entity.loanAllocation.model.LoanAllocation" >
    <selectKey resultType="java.lang.Integer" keyProperty="id" order="AFTER" >
      SELECT LAST_INSERT_ID()
    </selectKey>
    insert into loan_allocation
    <trim prefix="(" suffix=")" suffixOverrides="," >
      <if test="financeId != null" >
        finance_id,
      </if>
      <if test="loanId != null" >
        loan_id,
      </if>
      <if test="money != null" >
        money,
      </if>
    </trim>
    <trim prefix="values (" suffix=")" suffixOverrides="," >
      <if test="financeId != null" >
        #{financeId,jdbcType=INTEGER},
      </if>
      <if test="loanId != null" >
        #{loanId,jdbcType=INTEGER},
      </if>
      <if test="money != null" >
        #{money,jdbcType=DECIMAL},
      </if>
    </trim>
  </insert>
  <select id="countByExample" parameterType="com.ooteco.entity.loanAllocation.model.LoanAllocationExample" resultType="java.lang.Integer" >
    select count(*) from loan_allocation
    <if test="_parameter != null" >
      <include refid="Example_Where_Clause" />
    </if>
  </select>
  <update id="updateByExampleSelective" parameterType="map" >
    update loan_allocation
    <set >
      <if test="record.id != null" >
        id = #{record.id,jdbcType=INTEGER},
      </if>
      <if test="record.financeId != null" >
        finance_id = #{record.financeId,jdbcType=INTEGER},
      </if>
      <if test="record.loanId != null" >
        loan_id = #{record.loanId,jdbcType=INTEGER},
      </if>
      <if test="record.money != null" >
        money = #{record.money,jdbcType=DECIMAL},
      </if>
    </set>
    <if test="_parameter != null" >
      <include refid="Update_By_Example_Where_Clause" />
    </if>
  </update>
  <update id="updateByExample" parameterType="map" >
    update loan_allocation
    set id = #{record.id,jdbcType=INTEGER},
      finance_id = #{record.financeId,jdbcType=INTEGER},
      loan_id = #{record.loanId,jdbcType=INTEGER},
      money = #{record.money,jdbcType=DECIMAL}
    <if test="_parameter != null" >
      <include refid="Update_By_Example_Where_Clause" />
    </if>
  </update>
  <update id="updateByPrimaryKeySelective" parameterType="com.ooteco.entity.loanAllocation.model.LoanAllocation" >
    update loan_allocation
    <set >
      <if test="financeId != null" >
        finance_id = #{financeId,jdbcType=INTEGER},
      </if>
      <if test="loanId != null" >
        loan_id = #{loanId,jdbcType=INTEGER},
      </if>
      <if test="money != null" >
        money = #{money,jdbcType=DECIMAL},
      </if>
    </set>
    where id = #{id,jdbcType=INTEGER}
  </update>
  <update id="updateByPrimaryKey" parameterType="com.ooteco.entity.loanAllocation.model.LoanAllocation" >
    update loan_allocation
    set finance_id = #{financeId,jdbcType=INTEGER},
      loan_id = #{loanId,jdbcType=INTEGER},
      money = #{money,jdbcType=DECIMAL}
    where id = #{id,jdbcType=INTEGER}
  </update>
</mapper>