<?xml version="1.0" encoding="UTF-8" ?>
<!DOCTYPE mapper PUBLIC "-//mybatis.org//DTD Mapper 3.0//EN" "http://mybatis.org/dtd/mybatis-3-mapper.dtd" >
<mapper namespace="com.ooteco.dao.mapper.PreRedemptionVOMapper" >
  <resultMap id="BaseResultMap" type="com.ooteco.entity.finance.model.PreRedemptionVO" >
    <id column="id" property="id" jdbcType="BIGINT" />
    <result column="create_date" property="createDate" jdbcType="TIMESTAMP" />
    <result column="modify_date" property="modifyDate" jdbcType="TIMESTAMP" />
    <result column="finance_code" property="financeCode" jdbcType="VARCHAR" />
    <result column="redemption_date" property="redemptionDate" jdbcType="DATE" />
    <result column="finance_products_id" property="financeProductsId" jdbcType="INTEGER" />
    <result column="redemption_money" property="redemptionMoney" jdbcType="DECIMAL" />
    <result column="residue_investment_horizon" property="residueInvestmentHorizon" jdbcType="INTEGER" />
  </resultMap>
  <sql id="Example_Where_Clause" >
    <where >
      <foreach collection="oredCriteria" item="criteria" separator="or" >
        <if test="criteria.valid" >
          <trim prefix="(" suffix=")" prefixOverrides="and" >
            <foreach collection="criteria.criteria" item="criterion" >
              <choose >
                <when test="criterion.noValue" >
                  and ${criterion.condition}
                </when>
                <when test="criterion.singleValue" >
                  and ${criterion.condition} #{criterion.value}
                </when>
                <when test="criterion.betweenValue" >
                  and ${criterion.condition} #{criterion.value} and #{criterion.secondValue}
                </when>
                <when test="criterion.listValue" >
                  and ${criterion.condition}
                  <foreach collection="criterion.value" item="listItem" open="(" close=")" separator="," >
                    #{listItem}
                  </foreach>
                </when>
              </choose>
            </foreach>
          </trim>
        </if>
      </foreach>
    </where>
  </sql>
  <sql id="Update_By_Example_Where_Clause" >
    <where >
      <foreach collection="example.oredCriteria" item="criteria" separator="or" >
        <if test="criteria.valid" >
          <trim prefix="(" suffix=")" prefixOverrides="and" >
            <foreach collection="criteria.criteria" item="criterion" >
              <choose >
                <when test="criterion.noValue" >
                  and ${criterion.condition}
                </when>
                <when test="criterion.singleValue" >
                  and ${criterion.condition} #{criterion.value}
                </when>
                <when test="criterion.betweenValue" >
                  and ${criterion.condition} #{criterion.value} and #{criterion.secondValue}
                </when>
                <when test="criterion.listValue" >
                  and ${criterion.condition}
                  <foreach collection="criterion.value" item="listItem" open="(" close=")" separator="," >
                    #{listItem}
                  </foreach>
                </when>
              </choose>
            </foreach>
          </trim>
        </if>
      </foreach>
    </where>
  </sql>
  <sql id="Base_Column_List" >
    id, create_date, modify_date, finance_code, redemption_date, finance_products_id, 
    redemption_money, residue_investment_horizon
  </sql>
  <select id="selectByExample" resultMap="BaseResultMap" parameterType="com.ooteco.entity.finance.model.PreRedemptionVOExample" >
    select
    <if test="distinct" >
      distinct
    </if>
    <include refid="Base_Column_List" />
    from ath_pre_redemption
    <if test="_parameter != null" >
      <include refid="Example_Where_Clause" />
    </if>
    <if test="orderByClause != null" >
      order by ${orderByClause}
    </if>
  </select>
  <select id="selectByPrimaryKey" resultMap="BaseResultMap" parameterType="java.lang.Long" >
    select 
    <include refid="Base_Column_List" />
    from ath_pre_redemption
    where id = #{id,jdbcType=BIGINT}
  </select>
  <delete id="deleteByPrimaryKey" parameterType="java.lang.Long" >
    delete from ath_pre_redemption
    where id = #{id,jdbcType=BIGINT}
  </delete>
  <delete id="deleteByExample" parameterType="com.ooteco.entity.finance.model.PreRedemptionVOExample" >
    delete from ath_pre_redemption
    <if test="_parameter != null" >
      <include refid="Example_Where_Clause" />
    </if>
  </delete>
  <insert id="insert" parameterType="com.ooteco.entity.finance.model.PreRedemptionVO" >
    insert into ath_pre_redemption (id, create_date, modify_date, 
      finance_code, redemption_date, finance_products_id, 
      redemption_money, residue_investment_horizon
      )
    values (#{id,jdbcType=BIGINT}, #{createDate,jdbcType=TIMESTAMP}, #{modifyDate,jdbcType=TIMESTAMP}, 
      #{financeCode,jdbcType=VARCHAR}, #{redemptionDate,jdbcType=DATE}, #{financeProductsId,jdbcType=INTEGER}, 
      #{redemptionMoney,jdbcType=DECIMAL}, #{residueInvestmentHorizon,jdbcType=INTEGER}
      )
  </insert>
  <insert id="insertSelective" parameterType="com.ooteco.entity.finance.model.PreRedemptionVO" >
    insert into ath_pre_redemption
    <trim prefix="(" suffix=")" suffixOverrides="," >
      <if test="id != null" >
        id,
      </if>
      <if test="createDate != null" >
        create_date,
      </if>
      <if test="modifyDate != null" >
        modify_date,
      </if>
      <if test="financeCode != null" >
        finance_code,
      </if>
      <if test="redemptionDate != null" >
        redemption_date,
      </if>
      <if test="financeProductsId != null" >
        finance_products_id,
      </if>
      <if test="redemptionMoney != null" >
        redemption_money,
      </if>
      <if test="residueInvestmentHorizon != null" >
        residue_investment_horizon,
      </if>
    </trim>
    <trim prefix="values (" suffix=")" suffixOverrides="," >
      <if test="id != null" >
        #{id,jdbcType=BIGINT},
      </if>
      <if test="createDate != null" >
        #{createDate,jdbcType=TIMESTAMP},
      </if>
      <if test="modifyDate != null" >
        #{modifyDate,jdbcType=TIMESTAMP},
      </if>
      <if test="financeCode != null" >
        #{financeCode,jdbcType=VARCHAR},
      </if>
      <if test="redemptionDate != null" >
        #{redemptionDate,jdbcType=DATE},
      </if>
      <if test="financeProductsId != null" >
        #{financeProductsId,jdbcType=INTEGER},
      </if>
      <if test="redemptionMoney != null" >
        #{redemptionMoney,jdbcType=DECIMAL},
      </if>
      <if test="residueInvestmentHorizon != null" >
        #{residueInvestmentHorizon,jdbcType=INTEGER},
      </if>
    </trim>
  </insert>
  <select id="countByExample" parameterType="com.ooteco.entity.finance.model.PreRedemptionVOExample" resultType="java.lang.Integer" >
    select count(*) from ath_pre_redemption
    <if test="_parameter != null" >
      <include refid="Example_Where_Clause" />
    </if>
  </select>
  <update id="updateByExampleSelective" parameterType="map" >
    update ath_pre_redemption
    <set >
      <if test="record.id != null" >
        id = #{record.id,jdbcType=BIGINT},
      </if>
      <if test="record.createDate != null" >
        create_date = #{record.createDate,jdbcType=TIMESTAMP},
      </if>
      <if test="record.modifyDate != null" >
        modify_date = #{record.modifyDate,jdbcType=TIMESTAMP},
      </if>
      <if test="record.financeCode != null" >
        finance_code = #{record.financeCode,jdbcType=VARCHAR},
      </if>
      <if test="record.redemptionDate != null" >
        redemption_date = #{record.redemptionDate,jdbcType=DATE},
      </if>
      <if test="record.financeProductsId != null" >
        finance_products_id = #{record.financeProductsId,jdbcType=INTEGER},
      </if>
      <if test="record.redemptionMoney != null" >
        redemption_money = #{record.redemptionMoney,jdbcType=DECIMAL},
      </if>
      <if test="record.residueInvestmentHorizon != null" >
        residue_investment_horizon = #{record.residueInvestmentHorizon,jdbcType=INTEGER},
      </if>
    </set>
    <if test="_parameter != null" >
      <include refid="Update_By_Example_Where_Clause" />
    </if>
  </update>
  <update id="updateByExample" parameterType="map" >
    update ath_pre_redemption
    set id = #{record.id,jdbcType=BIGINT},
      create_date = #{record.createDate,jdbcType=TIMESTAMP},
      modify_date = #{record.modifyDate,jdbcType=TIMESTAMP},
      finance_code = #{record.financeCode,jdbcType=VARCHAR},
      redemption_date = #{record.redemptionDate,jdbcType=DATE},
      finance_products_id = #{record.financeProductsId,jdbcType=INTEGER},
      redemption_money = #{record.redemptionMoney,jdbcType=DECIMAL},
      residue_investment_horizon = #{record.residueInvestmentHorizon,jdbcType=INTEGER}
    <if test="_parameter != null" >
      <include refid="Update_By_Example_Where_Clause" />
    </if>
  </update>
  <update id="updateByPrimaryKeySelective" parameterType="com.ooteco.entity.finance.model.PreRedemptionVO" >
    update ath_pre_redemption
    <set >
      <if test="createDate != null" >
        create_date = #{createDate,jdbcType=TIMESTAMP},
      </if>
      <if test="modifyDate != null" >
        modify_date = #{modifyDate,jdbcType=TIMESTAMP},
      </if>
      <if test="financeCode != null" >
        finance_code = #{financeCode,jdbcType=VARCHAR},
      </if>
      <if test="redemptionDate != null" >
        redemption_date = #{redemptionDate,jdbcType=DATE},
      </if>
      <if test="financeProductsId != null" >
        finance_products_id = #{financeProductsId,jdbcType=INTEGER},
      </if>
      <if test="redemptionMoney != null" >
        redemption_money = #{redemptionMoney,jdbcType=DECIMAL},
      </if>
      <if test="residueInvestmentHorizon != null" >
        residue_investment_horizon = #{residueInvestmentHorizon,jdbcType=INTEGER},
      </if>
    </set>
    where id = #{id,jdbcType=BIGINT}
  </update>
  <update id="updateByPrimaryKey" parameterType="com.ooteco.entity.finance.model.PreRedemptionVO" >
    update ath_pre_redemption
    set create_date = #{createDate,jdbcType=TIMESTAMP},
      modify_date = #{modifyDate,jdbcType=TIMESTAMP},
      finance_code = #{financeCode,jdbcType=VARCHAR},
      redemption_date = #{redemptionDate,jdbcType=DATE},
      finance_products_id = #{financeProductsId,jdbcType=INTEGER},
      redemption_money = #{redemptionMoney,jdbcType=DECIMAL},
      residue_investment_horizon = #{residueInvestmentHorizon,jdbcType=INTEGER}
    where id = #{id,jdbcType=BIGINT}
  </update>
</mapper>