<?xml version="1.0" encoding="UTF-8" ?>
<!DOCTYPE mapper PUBLIC "-//mybatis.org//DTD Mapper 3.0//EN" "http://mybatis.org/dtd/mybatis-3-mapper.dtd" >
<mapper namespace="com.ooteco.dao.mapper.RepayPlanVOMapper" >
  <resultMap id="BaseResultMap" type="com.ooteco.entity.repay.model.RepayPlanVO" >
    <id column="repayment_plan_id" property="repaymentPlanId" jdbcType="BIGINT" />
    <result column="create_date" property="createDate" jdbcType="TIMESTAMP" />
    <result column="modify_date" property="modifyDate" jdbcType="TIMESTAMP" />
    <result column="loan_code" property="loanCode" jdbcType="VARCHAR" />
    <result column="return_amt" property="returnAmt" jdbcType="DECIMAL" />
    <result column="user_code" property="userCode" jdbcType="VARCHAR" />
    <result column="type" property="type" jdbcType="VARCHAR" />
    <result column="is_valid" property="isValid" jdbcType="BIT" />
  </resultMap>
  <sql id="Example_Where_Clause" >
    <where >
      <foreach collection="oredCriteria" item="criteria" separator="or" >
        <if test="criteria.valid" >
          <trim prefix="(" suffix=")" prefixOverrides="and" >
            <foreach collection="criteria.criteria" item="criterion" >
              <choose >
                <when test="criterion.noValue" >
                  and ${criterion.condition}
                </when>
                <when test="criterion.singleValue" >
                  and ${criterion.condition} #{criterion.value}
                </when>
                <when test="criterion.betweenValue" >
                  and ${criterion.condition} #{criterion.value} and #{criterion.secondValue}
                </when>
                <when test="criterion.listValue" >
                  and ${criterion.condition}
                  <foreach collection="criterion.value" item="listItem" open="(" close=")" separator="," >
                    #{listItem}
                  </foreach>
                </when>
              </choose>
            </foreach>
          </trim>
        </if>
      </foreach>
    </where>
  </sql>
  <sql id="Update_By_Example_Where_Clause" >
    <where >
      <foreach collection="example.oredCriteria" item="criteria" separator="or" >
        <if test="criteria.valid" >
          <trim prefix="(" suffix=")" prefixOverrides="and" >
            <foreach collection="criteria.criteria" item="criterion" >
              <choose >
                <when test="criterion.noValue" >
                  and ${criterion.condition}
                </when>
                <when test="criterion.singleValue" >
                  and ${criterion.condition} #{criterion.value}
                </when>
                <when test="criterion.betweenValue" >
                  and ${criterion.condition} #{criterion.value} and #{criterion.secondValue}
                </when>
                <when test="criterion.listValue" >
                  and ${criterion.condition}
                  <foreach collection="criterion.value" item="listItem" open="(" close=")" separator="," >
                    #{listItem}
                  </foreach>
                </when>
              </choose>
            </foreach>
          </trim>
        </if>
      </foreach>
    </where>
  </sql>
  <sql id="Base_Column_List" >
    repayment_plan_id, create_date, modify_date, loan_code, return_amt, user_code, type, 
    is_valid
  </sql>
  <select id="selectByExample" resultMap="BaseResultMap" parameterType="com.ooteco.entity.repay.model.RepayPlanVOExample" >
    select
    <if test="distinct" >
      distinct
    </if>
    <include refid="Base_Column_List" />
    from ath_repay_plan
    <if test="_parameter != null" >
      <include refid="Example_Where_Clause" />
    </if>
    <if test="orderByClause != null" >
      order by ${orderByClause}
    </if>
  </select>
  <select id="selectByPrimaryKey" resultMap="BaseResultMap" parameterType="java.lang.Long" >
    select 
    <include refid="Base_Column_List" />
    from ath_repay_plan
    where repayment_plan_id = #{repaymentPlanId,jdbcType=BIGINT}
  </select>
  <delete id="deleteByPrimaryKey" parameterType="java.lang.Long" >
    delete from ath_repay_plan
    where repayment_plan_id = #{repaymentPlanId,jdbcType=BIGINT}
  </delete>
  <delete id="deleteByExample" parameterType="com.ooteco.entity.repay.model.RepayPlanVOExample" >
    delete from ath_repay_plan
    <if test="_parameter != null" >
      <include refid="Example_Where_Clause" />
    </if>
  </delete>
  <insert id="insert" parameterType="com.ooteco.entity.repay.model.RepayPlanVO" >
    insert into ath_repay_plan (repayment_plan_id, create_date, modify_date, 
      loan_code, return_amt, user_code, 
      type, is_valid)
    values (#{repaymentPlanId,jdbcType=BIGINT}, #{createDate,jdbcType=TIMESTAMP}, #{modifyDate,jdbcType=TIMESTAMP}, 
      #{loanCode,jdbcType=VARCHAR}, #{returnAmt,jdbcType=DECIMAL}, #{userCode,jdbcType=VARCHAR}, 
      #{type,jdbcType=VARCHAR}, #{isValid,jdbcType=BIT})
  </insert>
  <insert id="insertSelective" parameterType="com.ooteco.entity.repay.model.RepayPlanVO" >
    insert into ath_repay_plan
    <trim prefix="(" suffix=")" suffixOverrides="," >
      <if test="repaymentPlanId != null" >
        repayment_plan_id,
      </if>
      <if test="createDate != null" >
        create_date,
      </if>
      <if test="modifyDate != null" >
        modify_date,
      </if>
      <if test="loanCode != null" >
        loan_code,
      </if>
      <if test="returnAmt != null" >
        return_amt,
      </if>
      <if test="userCode != null" >
        user_code,
      </if>
      <if test="type != null" >
        type,
      </if>
      <if test="isValid != null" >
        is_valid,
      </if>
    </trim>
    <trim prefix="values (" suffix=")" suffixOverrides="," >
      <if test="repaymentPlanId != null" >
        #{repaymentPlanId,jdbcType=BIGINT},
      </if>
      <if test="createDate != null" >
        #{createDate,jdbcType=TIMESTAMP},
      </if>
      <if test="modifyDate != null" >
        #{modifyDate,jdbcType=TIMESTAMP},
      </if>
      <if test="loanCode != null" >
        #{loanCode,jdbcType=VARCHAR},
      </if>
      <if test="returnAmt != null" >
        #{returnAmt,jdbcType=DECIMAL},
      </if>
      <if test="userCode != null" >
        #{userCode,jdbcType=VARCHAR},
      </if>
      <if test="type != null" >
        #{type,jdbcType=VARCHAR},
      </if>
      <if test="isValid != null" >
        #{isValid,jdbcType=BIT},
      </if>
    </trim>
  </insert>
  <select id="countByExample" parameterType="com.ooteco.entity.repay.model.RepayPlanVOExample" resultType="java.lang.Integer" >
    select count(*) from ath_repay_plan
    <if test="_parameter != null" >
      <include refid="Example_Where_Clause" />
    </if>
  </select>
  <update id="updateByExampleSelective" parameterType="map" >
    update ath_repay_plan
    <set >
      <if test="record.repaymentPlanId != null" >
        repayment_plan_id = #{record.repaymentPlanId,jdbcType=BIGINT},
      </if>
      <if test="record.createDate != null" >
        create_date = #{record.createDate,jdbcType=TIMESTAMP},
      </if>
      <if test="record.modifyDate != null" >
        modify_date = #{record.modifyDate,jdbcType=TIMESTAMP},
      </if>
      <if test="record.loanCode != null" >
        loan_code = #{record.loanCode,jdbcType=VARCHAR},
      </if>
      <if test="record.returnAmt != null" >
        return_amt = #{record.returnAmt,jdbcType=DECIMAL},
      </if>
      <if test="record.userCode != null" >
        user_code = #{record.userCode,jdbcType=VARCHAR},
      </if>
      <if test="record.type != null" >
        type = #{record.type,jdbcType=VARCHAR},
      </if>
      <if test="record.isValid != null" >
        is_valid = #{record.isValid,jdbcType=BIT},
      </if>
    </set>
    <if test="_parameter != null" >
      <include refid="Update_By_Example_Where_Clause" />
    </if>
  </update>
  <update id="updateByExample" parameterType="map" >
    update ath_repay_plan
    set repayment_plan_id = #{record.repaymentPlanId,jdbcType=BIGINT},
      create_date = #{record.createDate,jdbcType=TIMESTAMP},
      modify_date = #{record.modifyDate,jdbcType=TIMESTAMP},
      loan_code = #{record.loanCode,jdbcType=VARCHAR},
      return_amt = #{record.returnAmt,jdbcType=DECIMAL},
      user_code = #{record.userCode,jdbcType=VARCHAR},
      type = #{record.type,jdbcType=VARCHAR},
      is_valid = #{record.isValid,jdbcType=BIT}
    <if test="_parameter != null" >
      <include refid="Update_By_Example_Where_Clause" />
    </if>
  </update>
  <update id="updateByPrimaryKeySelective" parameterType="com.ooteco.entity.repay.model.RepayPlanVO" >
    update ath_repay_plan
    <set >
      <if test="createDate != null" >
        create_date = #{createDate,jdbcType=TIMESTAMP},
      </if>
      <if test="modifyDate != null" >
        modify_date = #{modifyDate,jdbcType=TIMESTAMP},
      </if>
      <if test="loanCode != null" >
        loan_code = #{loanCode,jdbcType=VARCHAR},
      </if>
      <if test="returnAmt != null" >
        return_amt = #{returnAmt,jdbcType=DECIMAL},
      </if>
      <if test="userCode != null" >
        user_code = #{userCode,jdbcType=VARCHAR},
      </if>
      <if test="type != null" >
        type = #{type,jdbcType=VARCHAR},
      </if>
      <if test="isValid != null" >
        is_valid = #{isValid,jdbcType=BIT},
      </if>
    </set>
    where repayment_plan_id = #{repaymentPlanId,jdbcType=BIGINT}
  </update>
  <update id="updateByPrimaryKey" parameterType="com.ooteco.entity.repay.model.RepayPlanVO" >
    update ath_repay_plan
    set create_date = #{createDate,jdbcType=TIMESTAMP},
      modify_date = #{modifyDate,jdbcType=TIMESTAMP},
      loan_code = #{loanCode,jdbcType=VARCHAR},
      return_amt = #{returnAmt,jdbcType=DECIMAL},
      user_code = #{userCode,jdbcType=VARCHAR},
      type = #{type,jdbcType=VARCHAR},
      is_valid = #{isValid,jdbcType=BIT}
    where repayment_plan_id = #{repaymentPlanId,jdbcType=BIGINT}
  </update>
</mapper>