<?xml version="1.0" encoding="UTF-8" ?>
<!DOCTYPE mapper PUBLIC "-//mybatis.org//DTD Mapper 3.0//EN" "http://mybatis.org/dtd/mybatis-3-mapper.dtd" >
<mapper namespace="com.ooteco.dao.mapper.RepaySplitVOMapper" >
  <resultMap id="BaseResultMap" type="com.ooteco.entity.repay.model.RepaySplitVO" >
    <id column="id" property="id" jdbcType="BIGINT" />
    <result column="create_date" property="createDate" jdbcType="TIMESTAMP" />
    <result column="modify_date" property="modifyDate" jdbcType="TIMESTAMP" />
    <result column="repay_id" property="repayId" jdbcType="BIGINT" />
    <result column="loan_code" property="loanCode" jdbcType="VARCHAR" />
    <result column="user_code" property="userCode" jdbcType="VARCHAR" />
    <result column="start_date" property="startDate" jdbcType="DATE" />
    <result column="expire_date" property="expireDate" jdbcType="DATE" />
    <result column="principal" property="principal" jdbcType="DECIMAL" />
    <result column="loan_rate" property="loanRate" jdbcType="DECIMAL" />
    <result column="period" property="period" jdbcType="INTEGER" />
    <result column="status" property="status" jdbcType="INTEGER" />
    <result column="process" property="process" jdbcType="INTEGER" />
    <result column="is_valid" property="isValid" jdbcType="BIT" />
    <result column="periods_time" property="periodsTime" jdbcType="INTEGER" />
  </resultMap>
  <sql id="Example_Where_Clause" >
    <where >
      <foreach collection="oredCriteria" item="criteria" separator="or" >
        <if test="criteria.valid" >
          <trim prefix="(" suffix=")" prefixOverrides="and" >
            <foreach collection="criteria.criteria" item="criterion" >
              <choose >
                <when test="criterion.noValue" >
                  and ${criterion.condition}
                </when>
                <when test="criterion.singleValue" >
                  and ${criterion.condition} #{criterion.value}
                </when>
                <when test="criterion.betweenValue" >
                  and ${criterion.condition} #{criterion.value} and #{criterion.secondValue}
                </when>
                <when test="criterion.listValue" >
                  and ${criterion.condition}
                  <foreach collection="criterion.value" item="listItem" open="(" close=")" separator="," >
                    #{listItem}
                  </foreach>
                </when>
              </choose>
            </foreach>
          </trim>
        </if>
      </foreach>
    </where>
  </sql>
  <sql id="Update_By_Example_Where_Clause" >
    <where >
      <foreach collection="example.oredCriteria" item="criteria" separator="or" >
        <if test="criteria.valid" >
          <trim prefix="(" suffix=")" prefixOverrides="and" >
            <foreach collection="criteria.criteria" item="criterion" >
              <choose >
                <when test="criterion.noValue" >
                  and ${criterion.condition}
                </when>
                <when test="criterion.singleValue" >
                  and ${criterion.condition} #{criterion.value}
                </when>
                <when test="criterion.betweenValue" >
                  and ${criterion.condition} #{criterion.value} and #{criterion.secondValue}
                </when>
                <when test="criterion.listValue" >
                  and ${criterion.condition}
                  <foreach collection="criterion.value" item="listItem" open="(" close=")" separator="," >
                    #{listItem}
                  </foreach>
                </when>
              </choose>
            </foreach>
          </trim>
        </if>
      </foreach>
    </where>
  </sql>
  <sql id="Base_Column_List" >
    id, create_date, modify_date, repay_id, loan_code, user_code, start_date, expire_date, 
    principal, loan_rate, period, status, process, is_valid, periods_time
  </sql>
  <select id="selectByExample" resultMap="BaseResultMap" parameterType="com.ooteco.entity.repay.model.RepaySplitVOExample" >
    select
    <if test="distinct" >
      distinct
    </if>
    <include refid="Base_Column_List" />
    from ath_repay_split
    <if test="_parameter != null" >
      <include refid="Example_Where_Clause" />
    </if>
    <if test="orderByClause != null" >
      order by ${orderByClause}
    </if>
  </select>
  <select id="selectByPrimaryKey" resultMap="BaseResultMap" parameterType="java.lang.Long" >
    select 
    <include refid="Base_Column_List" />
    from ath_repay_split
    where id = #{id,jdbcType=BIGINT}
  </select>
  <delete id="deleteByPrimaryKey" parameterType="java.lang.Long" >
    delete from ath_repay_split
    where id = #{id,jdbcType=BIGINT}
  </delete>
  <delete id="deleteByExample" parameterType="com.ooteco.entity.repay.model.RepaySplitVOExample" >
    delete from ath_repay_split
    <if test="_parameter != null" >
      <include refid="Example_Where_Clause" />
    </if>
  </delete>
  <insert id="insert" parameterType="com.ooteco.entity.repay.model.RepaySplitVO" >
    insert into ath_repay_split (id, create_date, modify_date, 
      repay_id, loan_code, user_code, 
      start_date, expire_date, principal, 
      loan_rate, period, status, 
      process, is_valid, periods_time
      )
    values (#{id,jdbcType=BIGINT}, #{createDate,jdbcType=TIMESTAMP}, #{modifyDate,jdbcType=TIMESTAMP}, 
      #{repayId,jdbcType=BIGINT}, #{loanCode,jdbcType=VARCHAR}, #{userCode,jdbcType=VARCHAR}, 
      #{startDate,jdbcType=DATE}, #{expireDate,jdbcType=DATE}, #{principal,jdbcType=DECIMAL}, 
      #{loanRate,jdbcType=DECIMAL}, #{period,jdbcType=INTEGER}, #{status,jdbcType=INTEGER}, 
      #{process,jdbcType=INTEGER}, #{isValid,jdbcType=BIT}, #{periodsTime,jdbcType=INTEGER}
      )
  </insert>
  <insert id="insertSelective" parameterType="com.ooteco.entity.repay.model.RepaySplitVO" >
    insert into ath_repay_split
    <trim prefix="(" suffix=")" suffixOverrides="," >
      <if test="id != null" >
        id,
      </if>
      <if test="createDate != null" >
        create_date,
      </if>
      <if test="modifyDate != null" >
        modify_date,
      </if>
      <if test="repayId != null" >
        repay_id,
      </if>
      <if test="loanCode != null" >
        loan_code,
      </if>
      <if test="userCode != null" >
        user_code,
      </if>
      <if test="startDate != null" >
        start_date,
      </if>
      <if test="expireDate != null" >
        expire_date,
      </if>
      <if test="principal != null" >
        principal,
      </if>
      <if test="loanRate != null" >
        loan_rate,
      </if>
      <if test="period != null" >
        period,
      </if>
      <if test="status != null" >
        status,
      </if>
      <if test="process != null" >
        process,
      </if>
      <if test="isValid != null" >
        is_valid,
      </if>
      <if test="periodsTime != null" >
        periods_time,
      </if>
    </trim>
    <trim prefix="values (" suffix=")" suffixOverrides="," >
      <if test="id != null" >
        #{id,jdbcType=BIGINT},
      </if>
      <if test="createDate != null" >
        #{createDate,jdbcType=TIMESTAMP},
      </if>
      <if test="modifyDate != null" >
        #{modifyDate,jdbcType=TIMESTAMP},
      </if>
      <if test="repayId != null" >
        #{repayId,jdbcType=BIGINT},
      </if>
      <if test="loanCode != null" >
        #{loanCode,jdbcType=VARCHAR},
      </if>
      <if test="userCode != null" >
        #{userCode,jdbcType=VARCHAR},
      </if>
      <if test="startDate != null" >
        #{startDate,jdbcType=DATE},
      </if>
      <if test="expireDate != null" >
        #{expireDate,jdbcType=DATE},
      </if>
      <if test="principal != null" >
        #{principal,jdbcType=DECIMAL},
      </if>
      <if test="loanRate != null" >
        #{loanRate,jdbcType=DECIMAL},
      </if>
      <if test="period != null" >
        #{period,jdbcType=INTEGER},
      </if>
      <if test="status != null" >
        #{status,jdbcType=INTEGER},
      </if>
      <if test="process != null" >
        #{process,jdbcType=INTEGER},
      </if>
      <if test="isValid != null" >
        #{isValid,jdbcType=BIT},
      </if>
      <if test="periodsTime != null" >
        #{periodsTime,jdbcType=INTEGER},
      </if>
    </trim>
  </insert>
  <select id="countByExample" parameterType="com.ooteco.entity.repay.model.RepaySplitVOExample" resultType="java.lang.Integer" >
    select count(*) from ath_repay_split
    <if test="_parameter != null" >
      <include refid="Example_Where_Clause" />
    </if>
  </select>
  <update id="updateByExampleSelective" parameterType="map" >
    update ath_repay_split
    <set >
      <if test="record.id != null" >
        id = #{record.id,jdbcType=BIGINT},
      </if>
      <if test="record.createDate != null" >
        create_date = #{record.createDate,jdbcType=TIMESTAMP},
      </if>
      <if test="record.modifyDate != null" >
        modify_date = #{record.modifyDate,jdbcType=TIMESTAMP},
      </if>
      <if test="record.repayId != null" >
        repay_id = #{record.repayId,jdbcType=BIGINT},
      </if>
      <if test="record.loanCode != null" >
        loan_code = #{record.loanCode,jdbcType=VARCHAR},
      </if>
      <if test="record.userCode != null" >
        user_code = #{record.userCode,jdbcType=VARCHAR},
      </if>
      <if test="record.startDate != null" >
        start_date = #{record.startDate,jdbcType=DATE},
      </if>
      <if test="record.expireDate != null" >
        expire_date = #{record.expireDate,jdbcType=DATE},
      </if>
      <if test="record.principal != null" >
        principal = #{record.principal,jdbcType=DECIMAL},
      </if>
      <if test="record.loanRate != null" >
        loan_rate = #{record.loanRate,jdbcType=DECIMAL},
      </if>
      <if test="record.period != null" >
        period = #{record.period,jdbcType=INTEGER},
      </if>
      <if test="record.status != null" >
        status = #{record.status,jdbcType=INTEGER},
      </if>
      <if test="record.process != null" >
        process = #{record.process,jdbcType=INTEGER},
      </if>
      <if test="record.isValid != null" >
        is_valid = #{record.isValid,jdbcType=BIT},
      </if>
      <if test="record.periodsTime != null" >
        periods_time = #{record.periodsTime,jdbcType=INTEGER},
      </if>
    </set>
    <if test="_parameter != null" >
      <include refid="Update_By_Example_Where_Clause" />
    </if>
  </update>
  <update id="updateByExample" parameterType="map" >
    update ath_repay_split
    set id = #{record.id,jdbcType=BIGINT},
      create_date = #{record.createDate,jdbcType=TIMESTAMP},
      modify_date = #{record.modifyDate,jdbcType=TIMESTAMP},
      repay_id = #{record.repayId,jdbcType=BIGINT},
      loan_code = #{record.loanCode,jdbcType=VARCHAR},
      user_code = #{record.userCode,jdbcType=VARCHAR},
      start_date = #{record.startDate,jdbcType=DATE},
      expire_date = #{record.expireDate,jdbcType=DATE},
      principal = #{record.principal,jdbcType=DECIMAL},
      loan_rate = #{record.loanRate,jdbcType=DECIMAL},
      period = #{record.period,jdbcType=INTEGER},
      status = #{record.status,jdbcType=INTEGER},
      process = #{record.process,jdbcType=INTEGER},
      is_valid = #{record.isValid,jdbcType=BIT},
      periods_time = #{record.periodsTime,jdbcType=INTEGER}
    <if test="_parameter != null" >
      <include refid="Update_By_Example_Where_Clause" />
    </if>
  </update>
  <update id="updateByPrimaryKeySelective" parameterType="com.ooteco.entity.repay.model.RepaySplitVO" >
    update ath_repay_split
    <set >
      <if test="createDate != null" >
        create_date = #{createDate,jdbcType=TIMESTAMP},
      </if>
      <if test="modifyDate != null" >
        modify_date = #{modifyDate,jdbcType=TIMESTAMP},
      </if>
      <if test="repayId != null" >
        repay_id = #{repayId,jdbcType=BIGINT},
      </if>
      <if test="loanCode != null" >
        loan_code = #{loanCode,jdbcType=VARCHAR},
      </if>
      <if test="userCode != null" >
        user_code = #{userCode,jdbcType=VARCHAR},
      </if>
      <if test="startDate != null" >
        start_date = #{startDate,jdbcType=DATE},
      </if>
      <if test="expireDate != null" >
        expire_date = #{expireDate,jdbcType=DATE},
      </if>
      <if test="principal != null" >
        principal = #{principal,jdbcType=DECIMAL},
      </if>
      <if test="loanRate != null" >
        loan_rate = #{loanRate,jdbcType=DECIMAL},
      </if>
      <if test="period != null" >
        period = #{period,jdbcType=INTEGER},
      </if>
      <if test="status != null" >
        status = #{status,jdbcType=INTEGER},
      </if>
      <if test="process != null" >
        process = #{process,jdbcType=INTEGER},
      </if>
      <if test="isValid != null" >
        is_valid = #{isValid,jdbcType=BIT},
      </if>
      <if test="periodsTime != null" >
        periods_time = #{periodsTime,jdbcType=INTEGER},
      </if>
    </set>
    where id = #{id,jdbcType=BIGINT}
  </update>
  <update id="updateByPrimaryKey" parameterType="com.ooteco.entity.repay.model.RepaySplitVO" >
    update ath_repay_split
    set create_date = #{createDate,jdbcType=TIMESTAMP},
      modify_date = #{modifyDate,jdbcType=TIMESTAMP},
      repay_id = #{repayId,jdbcType=BIGINT},
      loan_code = #{loanCode,jdbcType=VARCHAR},
      user_code = #{userCode,jdbcType=VARCHAR},
      start_date = #{startDate,jdbcType=DATE},
      expire_date = #{expireDate,jdbcType=DATE},
      principal = #{principal,jdbcType=DECIMAL},
      loan_rate = #{loanRate,jdbcType=DECIMAL},
      period = #{period,jdbcType=INTEGER},
      status = #{status,jdbcType=INTEGER},
      process = #{process,jdbcType=INTEGER},
      is_valid = #{isValid,jdbcType=BIT},
      periods_time = #{periodsTime,jdbcType=INTEGER}
    where id = #{id,jdbcType=BIGINT}
  </update>
</mapper>