<?xml version="1.0" encoding="UTF-8"?>
<beans xmlns="http://www.springframework.org/schema/beans"
	   xmlns:xsi="http://www.w3.org/2001/XMLSchema-instance"
	   xmlns:context="http://www.springframework.org/schema/context"
	   xmlns:hdp="http://www.springframework.org/schema/hadoop"
	   xmlns:mongo="http://www.springframework.org/schema/data/mongo"
	   xmlns:tx="http://www.springframework.org/schema/tx"
	   xsi:schemaLocation="http://www.springframework.org/schema/beans
       http://www.springframework.org/schema/beans/spring-beans.xsd
       http://www.springframework.org/schema/context
       http://www.springframework.org/schema/context/spring-context.xsd
       http://www.springframework.org/schema/tx
       http://www.springframework.org/schema/tx/spring-tx.xsd
       http://www.springframework.org/schema/aop
       http://www.springframework.org/schema/aop/spring-aop.xsd
	   http://www.springframework.org/schema/data/mongo
		http://www.springframework.org/schema/data/mongo/spring-mongo.xsd
		http://www.springframework.org/schema/hadoop
    	http://www.springframework.org/schema/hadoop/spring-hadoop.xsd">

	<context:annotation-config/>

	<context:component-scan base-package="com.match">
		<context:exclude-filter type="annotation" expression="org.springframework.stereotype.Controller"/>
	</context:component-scan>

	<bean id="propertyConfigurer"
		  class="org.springframework.beans.factory.config.PropertyPlaceholderConfigurer">
		<property name="systemPropertiesModeName" value="SYSTEM_PROPERTIES_MODE_OVERRIDE" />
		<property name="ignoreResourceNotFound" value="true" />
		<property name="locations">
			<list>
				<value>classpath:db.properties</value>
			</list>
		</property>
	</bean>

	<bean id="dataSource" class="org.apache.commons.dbcp.BasicDataSource" destroy-method="close">
		<property name="driverClassName" value="${jdbc.driver}"/>
		<property name="url" value="${jdbc.url}"/>
		<property name="username" value="${jdbc.username}"/>
		<property name="password" value="${jdbc.password}"/>
		<!--maxActive: 最大连接数量 -->
		<property name="maxActive" value="${dbcp.maxActive}" />
		<!--maxWait: 超时等待时间以毫秒为单位 6000毫秒/1000等于60秒 -->
		<property name="maxWait" value="${dbcp.maxWait}" />
		<!--initialSize: 初始化连接 -->
		<property name="initialSize" value="5" />
		<!--maxIdle: 最大空闲连接 -->
		<property name="maxIdle" value="10" />
		<!--minIdle: 最小空闲连接 -->
		<property name="minIdle" value="5" />
		<!--removeAbandoned: 是否自动回收超时连接 -->
		<property name="removeAbandoned" value="true" />
		<!--removeAbandonedTimeout: 超时时间(以秒数为单位) -->
		<property name="removeAbandonedTimeout" value="180" />
		<property name="validationQuery">
			<value>SELECT 1</value>
		</property>
		<property name="testOnBorrow">
			<value>true</value>
		</property>
	</bean>

	<!-- 集成Mybatis -->
	<bean id="sessionFactory" class="org.mybatis.spring.SqlSessionFactoryBean">
		<property name="dataSource" ref="dataSource" />
		<property name="configLocation" value="classpath:sqlmap-config.xml" />
	</bean>

	<bean id="sqlTemplate" class="org.mybatis.spring.SqlSessionTemplate">
		<constructor-arg index="0" ref="sessionFactory" />
	</bean>
	<bean id="batchSqlTemplate" class="org.mybatis.spring.SqlSessionTemplate">
		<constructor-arg index="0" ref="sessionFactory" />
		<constructor-arg index="1" value="BATCH" />
	</bean>

	<!-- hbase-->
	<hdp:configuration />

	<!-- default HBase configuration -->
	<hdp:hbase-configuration zk-quorum="${hbase.address}"
							 zk-port="${hbase.port}">
	</hdp:hbase-configuration>

	<!-- wire hbase configuration (using default name 'hbaseConfiguration')
        into the template -->
	<bean id="hbaseTemplate" class="org.springframework.data.hadoop.hbase.HbaseTemplate">
		<property name="configuration" ref="hbaseConfiguration" />
	</bean>


	<!-- mongodb-->
	<mongo:mongo id="mongo"  host="${mongodb.address}" port="${mongodb.port}">
	</mongo:mongo>

	<mongo:db-factory dbname="Test" mongo-ref="mongo" />

	<bean id="mappingContext" class="org.springframework.data.mongodb.core.mapping.MongoMappingContext" />
	<!-- 配置mongodb映射类型 -->
	<bean id="mappingMongoConverter" class="org.springframework.data.mongodb.core.convert.MappingMongoConverter">
		<constructor-arg name="mongoDbFactory" ref="mongoDbFactory" />
		<constructor-arg name="mappingContext" ref="mappingContext" />
		<property name="typeMapper" ref="defaultMongoTypeMapper" />
	</bean>

	<!-- 默认Mongodb类型映射 -->
	<bean id="defaultMongoTypeMapper" class="org.springframework.data.mongodb.core.convert.DefaultMongoTypeMapper">
		<constructor-arg name="typeKey">
			<null /><!-- 这里设置为空,可以把 spring data mongodb 多余保存的_class字段去掉 -->
		</constructor-arg>
	</bean>

	<bean id="mongoTemplate" class="org.springframework.data.mongodb.core.MongoTemplate">
		<constructor-arg name="mongoDbFactory" ref="mongoDbFactory" />
		<constructor-arg name="mongoConverter" ref="mappingMongoConverter" />
	</bean>

	<!-- 配置事务管理器 -->
	<bean id="transactionManager" class="org.springframework.jdbc.datasource.DataSourceTransactionManager">
		<property name="dataSource" ref="dataSource" />
	</bean>

	<!-- 配置基于注解的声明式事务 -->
	<tx:annotation-driven transaction-manager="transactionManager"/>
</beans>