<?xml version="1.0" encoding="UTF-8"?>
<beans xmlns="http://www.springframework.org/schema/beans"
	xmlns:task="http://www.springframework.org/schema/task"
	xmlns:xsi="http://www.w3.org/2001/XMLSchema-instance" xmlns:context="http://www.springframework.org/schema/context"
	xmlns:mvc="http://www.springframework.org/schema/mvc"
	xsi:schemaLocation="http://www.springframework.org/schema/mvc http://www.springframework.org/schema/mvc/spring-mvc.xsd
		http://www.springframework.org/schema/beans http://www.springframework.org/schema/beans/spring-beans.xsd
		http://www.springframework.org/schema/context http://www.springframework.org/schema/context/spring-context.xsd
		http://www.springframework.org/schema/task http://www.springframework.org/schema/task/spring-task-3.0.xsd">

	<!-- 让Spring启用对annotation的支持 -->
	<mvc:annotation-driven />
	
	<!-- 自动扫描指定路径下的所有文件，并根据注解完成注入的工作 -->
	<context:component-scan base-package="com.match.controller"/>
	
	
	<!-- 定时任务配置 -->
	<!--<task:annotation-driven executor="myExecutor" scheduler="myScheduler" />-->
	<!--<task:executor id="myExecutor" pool-size="50" />-->
	<!--<task:scheduler id="myScheduler" pool-size="1000" />-->

	<!-- 静态资源默认servlet配置 -->
	<mvc:default-servlet-handler />

	<!-- static resources -->
	<mvc:resources location="/WEB-INF/statics/" mapping="/resource/**" />
	<!--<mvc:resources location="/style.css" mapping="/style.css" />-->
	<!--<mvc:resources location="/css/" mapping="/css/**" />-->
	<!--<mvc:resources location="/frame/" mapping="/frame/**" />-->
	<!--<mvc:resources location="/images/" mapping="/images/**" />-->
	<!--<mvc:resources location="/js/" mapping="/js/**" />-->
	<!--<mvc:resources location="/style/" mapping="/style/**" />-->

	<!--velocity视图 -->
	<bean id="velocityConfigurer"	class="org.springframework.web.servlet.view.velocity.VelocityConfigurer">
		<property name="resourceLoaderPath" value="/WEB-INF/vm/" />
		<property name="configLocation" value="classpath:velocity.properties" />
	</bean>

	<!--视图配置 -->
	<bean id="viewResolver" class="org.springframework.web.servlet.view.velocity.VelocityViewResolver">
		<property name="suffix" value=".vm" />
		<property name="contentType" value="text/html;charset=UTF-8" />
		<property name="redirectHttp10Compatible" value="false" />
	</bean>


	<!-- 配置拦截器 -->
 	<mvc:interceptors>
		<bean id="manLoginInterceptor" class="com.match.interceptor.LoginInterceptor"/>
	</mvc:interceptors>

	<mvc:interceptors>
		<bean id="apiInterceptor" class="com.match.interceptor.ApiInterceptor"/>
	</mvc:interceptors>
	
	<mvc:annotation-driven>
        <mvc:message-converters register-defaults="true">
            <bean class="org.springframework.http.converter.StringHttpMessageConverter">
                <property name="supportedMediaTypes" value="text/plain;charset=UTF-8"/>
            </bean>
        </mvc:message-converters>
    </mvc:annotation-driven>

	<!-- 异常处理 -->
	<bean id="exceptionResolver" class="com.match.controller.base.ExceptionResolver">
		<property name="defaultErrorView" value="common/error" />
	</bean>

	<!-- 文件上传解释器 -->
	<bean id="multipartResolver" class="org.springframework.web.multipart.commons.CommonsMultipartResolver"/>
</beans>