<?xml version="1.0" encoding="UTF-8"?>
<!DOCTYPE generatorConfiguration PUBLIC "-//mybatis.org//DTD MyBatis Generator Configuration 1.0//EN"
        "http://mybatis.org/dtd/mybatis-generator-config_1_0.dtd">

<generatorConfiguration>

    <!--数据库驱动jar -->
    <classPathEntry
            location="mysql-connector-java-5.1.29.jar" />

    <context id="DB2Tables" targetRuntime="MyBatis3">
        <plugin type="org.mybatis.generator.plugins.SerializablePlugin" />
        <!--去除注释  -->
        <commentGenerator>
            <property name="suppressAllComments" value="true" />
        </commentGenerator>

        <!--数据库连接-->
         <jdbcConnection driverClass="com.mysql.jdbc.Driver"
                        connectionURL="jdbc:mysql://115.28.41.167:3306/ath"
                        userId="shares_dev"
                        password="shares_dev">
        </jdbcConnection>

        <!--<jdbcConnection driverClass="com.mysql.jdbc.Driver"-->
                        <!--connectionURL="jdbc:mysql://120.76.189.15:3306/event_driven"-->
                        <!--userId="root"-->
                        <!--password="FfunT66pP1JAdRH254xs0TXBYbaCN39X">-->
        <!--</jdbcConnection>-->

        <javaTypeResolver>
            <property name="forceBigDecimals" value="false" />
        </javaTypeResolver>

        <javaModelGenerator targetPackage="com.ooteco.entity.finance"
                            targetProject="/Users/japen/personal/svn/ath/15018501013.arithmetic/trunk/src/main/java">
            <property name="enableSubPackages" value="false" />
            <property name="trimStrings" value="true" />
        </javaModelGenerator>

        <!--生成SQLMAP文件 -->
        <sqlMapGenerator targetPackage="mapper" targetProject="java">
            <property name="enableSubPackages" value="false" />
        </sqlMapGenerator>

        <!--生成Dao文件 可以配置 type="XMLMAPPER"生成xml的dao实现  context id="DB2Tables" 修改targetRuntime="MyBatis3"  -->
        <javaClientGenerator type="XMLMAPPER" targetPackage="com.ooteco.ed.mapper"
                             targetProject="/Users/japen/personal/svn/ath/15018501013.arithmetic/trunk/src/main/java">
            <property name="enableSubPackages" value="false" />
        </javaClientGenerator>

        <table tableName="ed_thesaurus_lexicon" domainObjectName="ThesaurusLexiconVO">
        </table>

    </context>

</generatorConfiguration>
