<?xml version="1.0" encoding="UTF-8" ?>
<!DOCTYPE configuration
        PUBLIC "-//mybatis.org//DTD Config 3.0//EN"
        "http://mybatis.org/dtd/mybatis-3-config.dtd">
<configuration>
    <!-- 配置全局属性 -->
    <settings>
        <!-- 使用jdbc自增主键 -->
        <setting name="useGeneratedKeys" value="true" />
        <!-- 使用别名替换列名 -->
        <setting name="useColumnLabel" value="true" />
        <!-- 开启驼峰命名转换 -->
        <setting name="mapUnderscoreToCamelCase" value="false" />
        <!-- 打印查询语句 -->
        <setting name="logImpl" value="LOG4J" />
        <!--<setting name="logImpl" value="STDOUT_LOGGING" />-->
    </settings>
    <plugins>
        <plugin interceptor="com.ooteco.paginator.OffsetLimitInterceptor" />
    </plugins>
</configuration>